atalanta,Atalanta
atalanta bergame,Atalanta
bologna,Bologna
bologne,Bologna
brescia,Brescia
cagliari,Cagliari
fiorentina,Fiorentina
florence,Fiorentina
genoa,Genoa
genoa cfc,Genoa
genes,Genoa
inter,Inter
inter milan,Inter
juventus,Juventus
lazio,Lazio
lazio rome,Lazio
lecce,Lecce
milan,Milan
napoli,Napoli
naples,Napoli
parma,Parma
parme,Parma
roma,Roma
rome,Roma
sampdoria,Sampdoria
sampdoria de genes,Sampdoria
sassuolo,Sassuolo
spal,Spal
spal ferrara,Spal
torino,Torino
turin,Torino
udinese,Udinese
verona,Verona
verone,Verona
hellas verone,Verona
hellas verona,Verona
ascoli,Ascoli
benevento,Benevento
chievo,Chievo
chievo verona,Chievo
chievo verone,Chievo
cittadella,Cittadella
cosenza,Cosenza
cosenza calcio,Cosenza
cremonese,Cremonese
crotone,Crotone
empoli,Empoli
frosinone,Frosinone
juve stabia,Juve Stabia
livorno,Livorno
livourne,Livorno
perouse,Perugia
perugia,Perugia
pescara,Pescara
pise,Pisa
pisa,Pisa
pordenone,Pordenone
salernitana,Salernitana
la spezia,Spezia
spezia,Spezia
trapani,Trapani
venezia,Venezia
venice,Venezia
venise,Venezia
virtus entella,Virtus Entella
hertha berlin,Hertha Berlin
hertha berlino,Hertha Berlin
hertha berliner,Hertha Berlin
hertha berliner sport club,Hertha Berlin
hertha,Hertha Berlin
dusseldorf,Fortuna Dusseldorf
fortuna dusseldorf,Fortuna Dusseldorf
f dusseldorf,Fortuna Dusseldorf
amiens,Amiens
marsiglia,Marseilles
olympique marsiglia,Marseilles
marseille,Marseilles
om marseille,Marseilles
olympique marseille,Marseilles
olympique de marseille,Marseilles
marseilles,Marseilles
real betis,Real Betis
real betis balompie,Real Betis
betis sevilla,Real Betis
betis seville,Real Betis
betis siviglia,Real Betis
eibar,Eibar
sd eibar,Eibar
leganes,Leganes
levante,Levante
brighton,Brighton
brighton hove albion,Brighton
tottenham,Tottenham
bayern munich,Bayern Munich
bayern monaco,Bayern Munich
bayern munchen,Bayern Munich
hoffenheim,Hoffenheim
tsg hoffenheim,Hoffenheim
tsg 1899 hoffenheim,Hoffenheim
1899 hoffenheim,Hoffenheim
bayer leverkusen,Bayer Leverkusen
leverkusen,Bayer Leverkusen
lipsia,RB Leipzig
leipzig,RB Leipzig
rasenballsport leipzig,RB Leipzig
freiburg,SC Freiburg
friburgo,SC Freiburg
fribourg,SC Freiburg
borussia dortmund,Borussia Dortmund
borussia 09 dortmund,Borussia Dortmund
bv 09 borussia dortmund,Borussia Dortmund
09 borussia dortmund,Borussia Dortmund
dortmund,Borussia Dortmund
paderborn,Paderborn
paderborn 07,Paderborn
mainz,Mainz
mainz 05,Mainz
mayence,Mainz
real madrid,Real Madrid
granada,Granada
grenade,Granada
burnley,Burnley
everton,Everton
liverpool,Liverpool
leicester,Leicester
leicester city,Leicester
sampdoria u19,Sampdoria U19
lazio u19,Lazio U19
atl madrid,Atletico Madrid
atletico madrid,Atletico Madrid
atletico de madrid,Atletico Madrid
shakhtar donetsk,Shakhtar Donetsk
chakhtar donetsk,Shakhtar Donetsk
dinamo zagreb,Dinamo Zagreb
dinamo zagabria,Dinamo Zagreb
club bruges,Club Brugge
club brugge,Club Brugge
psg,Paris Saint Germain
paris saint germain,Paris Saint Germain
galatasaray,Galatasaray
lokomotiv mosca,Lokomotiv Moscow
lokomotiv moscou,Lokomotiv Moscow
lokomotiv moskva,Lokomotiv Moscow
lokomotiv moscow,Lokomotiv Moscow
lok mosca,Lokomotiv Moscow
man city,Manchester City
manchester city,Manchester City
olympiakos,Olympiakos
olympiacos,Olympiakos
olympiacos pireo,Olympiakos
belgrado,Red Star Belgrade
belgrade,Red Star Belgrade
stella rossa,Red Star Belgrade
stella rossa belgrado,Red Star Belgrade
etoile rouge belgrade,Red Star Belgrade
etoile rouge de belgrade,Red Star Belgrade
red star belgrade,Red Star Belgrade
crvena zvezda,Red Star Belgrade
ajax,Ajax
ajax amsterdam,Ajax
chelsea,Chelsea
zenit sankt peterburg,Zenit Saint Petersburg
zenit saint petersburg,Zenit Saint Petersburg
zenit st petersburg,Zenit Saint Petersburg
zenit san pietroburgo,Zenit Saint Petersburg
zenit s pietroburgo,Zenit Saint Petersburg
zenith saint petersbourg,Zenit Saint Petersburg
zenit,Zenit Saint Petersburg
benfica,Benfica
sl benfica,Benfica
lione,Lyon
olympique lione,Lyon
lyon,Lyon
olympique lyon,Lyon
olympique lyonnais,Lyon
salisburgo,Salzburg
red bull salisburgo,Salzburg
salzburg,Salzburg
red bull salzburg,Salzburg
salzbourg,Salzburg
red bull salzbourg,Salzburg
genk,Genk
krc genk,Genk
lilla,Lille
lille,Lille
losc lille,Lille
losc,Lille
valencia,Valencia
valence,Valencia
slavia praga,Slavia Prague
slavia prague,Slavia Prague
sk slavia prague,Slavia Prague
slavia praha,Slavia Prague
barcellona,Barcelona
barcelone,Barcelona
barcelona,Barcelona
norwich,Norwich
norwich city,Norwich
aston villa,Aston Villa
watford,Watford
sheffield utd,Sheffield United
sheffield united,Sheffield United
west ham,West Ham
crystal palace,Crystal Palace
arsenal,Arsenal
bournemouth,Bournemouth
wolverhampton,Wolverhampton
wolves,Wolverhampton
southampton,Southampton
newcastle,Newcastle
man utd,Manchester United
manchester united,Manchester United
alaves,Alaves
deportivo alaves,Alaves
osasuna,Osasuna
villarreal,Villarreal
maiorca,Mallorca
real maiorca,Mallorca
mallorca,Mallorca
real mallorca,Mallorca
majorque,Mallorca
real majorque,Mallorca
espanyol,Espanyol
espanyol barcellona,Espanyol
celta vigo,Celta Vigo
celta de vigo,Celta Vigo
ath bilbao,Athletic Bilbao
atletico bilbao,Athletic Bilbao
athletic bilbao,Athletic Bilbao
athletic club,Athletic Bilbao
athletic club bilbao,Athletic Bilbao
valladolid,Valladolid
real valladolid,Valladolid
real sociedad,Real Sociedad
getafe,Getafe
siviglia,Seville
sevilla,Seville
seville,Seville
schalke 04,Schalke 04
schalke,Schalke 04
colonia,Cologne
koln,Cologne
1 koln,Cologne
koln 01 07,Cologne
1 koln 01 07,Cologne
cologne,Cologne
1 cologne,Cologne
borussia m gladbach,Borussia Mgladbach
borussia monchengladbach,Borussia Mgladbach
monchengladbach,Borussia Mgladbach
borussia vfl monchengladbach,Borussia Mgladbach
m gladbach,Borussia Mgladbach
augsburg,Augsburg
augsbourg,Augsburg
wolfsburg,Wolfsburg
wolfsbourg,Wolfsburg
vfl wolfsbourg,Wolfsburg
union berlino,Union Berlin
union berlin,Union Berlin
1 union berlin,Union Berlin
francoforte,Eintracht Frankfurt
eintracht francoforte,Eintracht Frankfurt
eintracht frankfurt,Eintracht Frankfurt
eintracht francfort,Eintracht Frankfurt
werder brema,Werder Bremen
werder bremen,Werder Bremen
werder breme,Werder Bremen
sportverein werder von 1899,Werder Bremen
sportverein werder bremen von 1899,Werder Bremen
angers,Angers
angers sco,Angers
brest,Brest
stade brestois 29,Brest
stade brest,Brest
metz,Metz
digione,Dijon
dijon,Dijon
dijon football cote d or,Dijon
dijon fco,Dijon
strasburgo,Strasbourg
racing strasburgo,Strasbourg
strasbourg,Strasbourg
racing strasbourg,Strasbourg
racing club de strasbourg alsace,Strasbourg
racing strassburg,Strasbourg
montpellier,Montpellier
montpellier herault sport club,Montpellier
montpellier hsc,Montpellier
monaco,Monaco
association sportive de monaco,Monaco
nantes,Nantes
nizza,Nice
nice,Nice
ogc nice,Nice
tolosa,Toulouse
toulouse,Toulouse
bordeaux,Bordeaux
girondins de bordeaux,Bordeaux
nimes,Nimes
nimes olympique,Nimes
olympique nimes,Nimes
rennes,Rennes
stade rennais,Rennes
reims,Reims
stade de reims,Reims
asse,St Etienne
st etienne,St Etienne
saint etienne,St Etienne
como,Como
giana erminio,Giana Erminio
erminio giana,Giana Erminio
giana erminio gorgonzola,Giana Erminio
novara,Novara
pro vercelli,Pro Vercelli
albinoleffe,AlbinoLeffe
siena,Siena
gozzano,Gozzano
asdc gozzano,Gozzano
carrarese,Carrarese
pistoiese,Pistoiese
olbia,Olbia
pro patria,Pro Patria
lecco,Lecco
pianese,Pianese
juventus u23,Juventus U23
alessandria,Alessandria
alessandria calcio 1912,Alessandria
pontedera,Pontedera
arezzo,Arezzo
monza,Monza
pergolettese,Pergolettese
renate,Renate
pesaro,Vis Pesaro
vis pesaro,Vis Pesaro
fermana,Fermana
reggio audace,Reggio Audace
gubbio,Gubbio
sambenedettese,Sambenedettese
piacenza,Piacenza
sudtirol,Sudtirol
modena,Modena
triestina,Triestina
ravenna,Ravenna
carpi,Carpi
feralpisalo,Feralpisalo
imolese,Imolese
fano,Fano
padoue,Padova
padua,Padova
padova,Padova
arzignano valchiampo,Arzignano Valchiampo
rimini,Rimini
virtus verona,Virtus Verona
vicenza,Vicenza
cesena,Cesena
teramo,Teramo
rieti,Rieti
avellino,Avellino
rende,Rende
bari,Bari
cavese,Cavese
potenza,Potenza
viterbese,Viterbese
ternana,Ternana
catania,Catania
sicula leonzio,Sicula Leonzio
asd sicula leonzio,Sicula Leonzio
monopoli,Monopoli
bisceglie,Bisceglie
bisceglie 1913,Bisceglie
picerno,AZ Picerno
az picerno,AZ Picerno
az picerno asd,AZ Picerno
catanzaro,Catanzaro
francavilla,Virtus Francavilla
virtus francavilla,Virtus Francavilla
paganese,Paganese
reggina,Reggina
vibonese,Vibonese
casertana,Casertana
mestre,Mestre
montebelluna,Montebelluna
sasso marconi,Sasso Marconi
asd sasso marconi,Sasso Marconi
fanfulla cavenago,Fanfulla Cavenago
villafranca,Villafranca
asd villafranca,Villafranca
feltre,Union Feltre
union feltre,Union Feltre
union feltre asd,Union Feltre
chieti,Chieti
cattolica,Cattolica SM Calcio
cattolica calcio,Cattolica SM Calcio
cattolica sm calcio,Cattolica SM Calcio
andria,Fidelis Andria
fidelis andria,Fidelis Andria
brindisi,Brindisi
pomezia,Pomezia
sangiovannese,Sangiovannese
sammaurese,Sammaurese
progresso calcio,SCD Progresso Calcio
scd progresso calcio,SCD Progresso Calcio
sangiustese,Sangiustese
olympia agnonese,Olympia Agnonese
breno,US Breno
savignanese,ASD Savignanese
asd savignanese,ASD Savignanese
palmese,US Palmese
biancavilla,ASD Biancavilla
asd biancavilla,ASD Biancavilla
virtus flaminia,Virtus Flaminia
scandicci,Scandicci
nardo,Nardo
cerignola,Audace Cerignola
audace cerignola,Audace Cerignola
inter u19,Inter U19
juventus u19,Juventus U19
az,AZ
az alkmaar,AZ
alkmaar zaanstreek,AZ
astana,FC Astana
besiktas,Besiktas
cska mosca,CSKA Moscow
cska moscow,CSKA Moscow
cska moscou,CSKA Moscow
cska moskva,CSKA Moscow
ferencvarosi,Ferencvarosi TC
ferencvarosi tc,Ferencvarosi TC
ferencvarosi torna club,Ferencvarosi TC
qarabag,FK Qarabag
fk qarabag,FK Qarabag
qarabag fk,FK Qarabag
apoel,APOEL Nicosia
apoel nicosia,APOEL Nicosia
gent,Gent
la gantoise,Gent
istanbul basaksehir,Istanbul Basaksehir
istanbul basaksehir fk,Istanbul Basaksehir
basaksehir,Istanbul Basaksehir
wolfsberger,RZ Pellets Wolfsberger AC
rz pellets wac,RZ Pellets Wolfsberger AC
ludogorets,Ludogorets Razgrad
ludogorets razgrad,Ludogorets Razgrad
pfc ludogorets,Ludogorets Razgrad
partizan,Partizan Belgrade
fk partizan,Partizan Belgrade
partizan belgrado,Partizan Belgrade
partizan de belgrade,Partizan Belgrade
partizan belgrade,Partizan Belgrade
porto,Porto
glasgow rangers,Glasgow Rangers
rangers,Glasgow Rangers
slovan bratislava,Slovan Bratislava
sk slovan bratislava,Slovan Bratislava
oleksandria,PFC Oleksandria
pfc oleksandria,PFC Oleksandria
young boys,Young Boys
feyenoord,Feyenoord
feyenoord rotterdam,Feyenoord
guimaraes,Vitoria Guimaraes
vitoria guimaraes,Vitoria Guimaraes
vitoria de guimaraes,Vitoria Guimaraes
celtic,Celtic Glasgow
celtic glasgow,Celtic Glasgow
copenhague,FC Copenhagen
copenhagen,FC Copenhagen
copenaghen,FC Copenhagen
standard liegi,Standard Liege
standard liege,Standard Liege
standard de liege,Standard Liege
basilea,Basel
basel,Basel
bale,Basel
malmo,Malmo FF
malmo ff,Malmo FF
lugano,Lugano
psv eindhoven,PSV Eindhoven
psv,PSV Eindhoven
linz,LASK Linz
lask,LASK Linz
lask linz,LASK Linz
cluj,CFR Cluj
cfr cluj,CFR Cluj
dudelange,F91 Dudelange
f91 dudelange,F91 Dudelange
sporting,Sporting Lisbona
sporting cp,Sporting Lisbona
sporting lisbon,Sporting Lisbona
sporting lisbona,Sporting Lisbona
sporting lisbonne,Sporting Lisbona
sp lisbona,Sporting Lisbona
rosenborg,Rosenborg
trabzonspor,Trabzonspor
krasnodar,Dinamo Krasnodar
dinamo krasnodar,Dinamo Krasnodar
corigliano calabro,ASD Corigliano Calabro
asd corigliano calabro,ASD Corigliano Calabro
licata,ASD Licata
asd licata,ASD Licata
palermo,Palermo
palerme,Palermo
cittanovese,Cittanovese
forli,Forli
mantova,Mantova
empoli u19,Empoli U19
napoli u19,Napoli U19
naples u19,Napoli U19
germania,Germany
germany,Germany
allemagne,Germany
argentina,Argentine
argentine,Argentine
argentin,Argentine
lamia,Lamia
panetolikos,Panetolikos
panaitolikos,Panetolikos
bahrain,Bahrain
bahrein,Bahrain
azerbaigian,Azerbaijan
azerbaidjan,Azerbaijan
azerbaijan,Azerbaijan
brasile,Brazil
bresil,Brazil
brazil,Brazil
kazakistan,Kazakhstan
kazakhstan,Kazakhstan
cipro,Cyprus
chypre,Cyprus
cyprus,Cyprus
bielorussia,Belarus
bielorussie,Belarus
belarus,Belarus
estonia,Estonia
estonie,Estonia
kosovo,Kosovo
gibilterra,Gibraltar
gibraltar,Gibraltar
serbia,Serbia
serbie,Serbia
paraguay,Paraguay
olanda,Holland
paesi bassi,Holland
hollande,Holland
pays bas,Holland
holland,Holland
irlanda del nord,Northern Ireland
irlande du nord,Northern Ireland
northern ireland,Northern Ireland
slovacchia,Slovakia
slovaquie,Slovakia
slovakia,Slovakia
galles,Wales
pays de galles,Wales
wales,Wales
croazia,Croatia
croatie,Croatia
croatia,Croatia
ungheria,Hungary
hongrie,Hungary
hungary,Hungary
lettonia,Latvia
lettonie,Latvia
latvia,Latvia
macedonia del nord,North Macedonia
macedoine du nord,North Macedonia
north macedonia,North Macedonia
macedonia nord,North Macedonia
macedonia,North Macedonia
slovenia,Slovenia
slovenie,Slovenia
austria,Austria
autriche,Austria
israele,Israel
israel,Israel
senegal,Senegal
polonia,Poland
pologne,Poland
poland,Poland
russia,Russia
russie,Russia
scozia,Scotland
ecosse,Scotland
scotland,Scotland
robur siena,Robur Siena
rep tcheque,Czech republic
republique tcheque,Czech republic
rep ceca,Czech republic
repubblica ceca,Czech republic
czech republic,Czech republic
angleterre,England
inghilterra,England
england,England
montenegro,Montenegro
bulgaria,Bulgaria
bulgarie,Bulgaria
portogallo,Portugal
portugal,Portugal
luxembourg,Luxembourg
lussemburgo,Luxembourg
ukraine,Ukraine
ucraina,Ukraine
lituania,Lithuania
lituanie,Lithuania
lithuania,Lithuania
georgie,Georgia
georgia,Georgia
irlande,Ireland
irlanda,Ireland
ireland,Ireland
danemark,Denmark
danimarca,Denmark
denmark,Denmark
suisse,Switzerland
svizzera,Switzerland
switzerland,Switzerland
isole faroe,Faroe Islands
isole faer oer,Faroe Islands
iles feroe,Faroe Islands
faroe islands,Faroe Islands
faeroe islands,Faroe Islands
roumanie,Romania
romania,Romania
malte,Malta
malta,Malta
suede,Sweden
svezia,Sweden
sweden,Sweden
norvege,Norway
norvegia,Norway
norway,Norway
espagne,Spain
spagna,Spain
spain,Spain
andorre,Andorra
andorra,Andorra
moldavie,Moldova
moldavia,Moldova
moldova,Moldova
islande,Iceland
islanda,Iceland
iceland,Iceland
france,France
francia,France
turquie,Turkey
turchia,Turkey
turkey,Turkey
albanie,Albania
albania,Albania
belgique,Belgium
belgio,Belgium
belgium,Belgium
saint marin,San Marino
san marino,San Marino
bosnie herzegovine,Bosnia Herzegovina
bosnia herzegovina,Bosnia Herzegovina
bosnia and herzegovina,Bosnia Herzegovina
bosnia,Bosnia Herzegovina
bosnia erzegovina,Bosnia Herzegovina
bosnia e,Bosnia Herzegovina
finlande,Finland
finlandia,Finland
finland,Finland
italie,Italy
italia,Italy
italy,Italy
grece,Greece
grecia,Greece
greece,Greece
liechtenstein,Liechtenstein
armenie,Armenia
armenia,Armenia
dynamo kiev,Dinamo Kiev
dinamo kiev,Dinamo Kiev
uruguay,Uruguay
peru,Peru
perou,Peru
colombie,Colombia
colombia,Colombia
chili,Chile
cile,Chile
chile,Chile
trinite et tobago,Trinidad and Tobago
trinidad e tobago,Trinidad and Tobago
trinidad and tobago,Trinidad and Tobago
republique dominicaine,Dominican Republic
repubblica dominicana,Dominican Republic
dominican republic,Dominican Republic
guatemala,Guatemala
panama,Panama
salvador,El Salvador
el salvador,El Salvador
costa rica,Costa Rica
ligorna,Ligorna
ligorna 1922,Ligorna
lavagnese,Lavagnese
campodarsego,Campodarsego
adriese,US Adriese
ciliverghe mazzano,Ciliverghe Mazzano
folgore caratese,US Folgore Caratese
mezzolara,Mezzolara
taranto,Taranto
inveruno,US Inveruno
asd brusaporto,ASD Brusaporto
asd pineto calcio,ASD Pineto Calcio
ostia mare,AS Ostia Mare
savoia 1908,AC Savoia 1908
botafogo sp,Botafogo SP
botafogo rj,Botafogo RJ
figueirense,Figueirense
coritiba,Coritiba
guarani sp,Guarani SP
operario pr,Operario PR
parana clube pr,Parana Clube PR
parana,Parana Clube PR
ipswich town,Ipswich Town
bolton,Bolton Wanderers
bolton wanderers,Bolton Wanderers
crewe alexandra,Crewe Alexandra
watford reserve,Watford Reserve
stockport county,Stockport County
hartlepool united,Hartlepool United
virgen del camino,CD Virgen Del Camino
real avila,Real Avila CF
bupolsa,CD Bupolsa
becerril,CD Becerril
acero,CD ACERO
silla,Silla CF
santa marta tormes,UD Santa Marta Tormes
ud santa marta tormes,UD Santa Marta Tormes
jupiter leones,Jupiter Leones
arandina,Arandina
almazan,SD Almazan
sd almazan,SD Almazan
cristo atletico,CD Cristo Atletico
burgos promesas,Burgos Promesas
goias,Goias
csa al,Csa AL
internacional porto alegre,Internacional Porto Alegre
oeste sp,Oeste SP
oeste,Oeste SP
atletico goianiense,Atletico Goianiense
atletico go,Atletico Goianiense
cuiaba esporte clube mt,Cuiaba EC
cuiaba,Cuiaba EC
cuiaba ec,Cuiaba EC
america mineiro mg,America Mineiro MG
america mg,America Mineiro MG
bragantino sp,Bragantino SP
bragantino,Bragantino SP
ponte preta sp,Ponte Preta SP
ponte preta,Ponte Preta SP
londrina pr,Londrina PR
londrina,Londrina PR
sao paulo sp,Sao Paulo SP
gremio,Gremio
gremio rs,Gremio
fluminense,Fluminense
chapecoense,Chapecoense SC
vitoria,Vitoria BA
vitoria ba,Vitoria BA
vitoria giovanile,Vitoria BA Youth
palmeiras,Palmeiras
bahia ba youth,Bahia BA Youth
corinthians sp u20,Corinthians SP u20
waalwijk,RKC Waalwijk
rkc waalwijk,RKC Waalwijk
rkc,RKC Waalwijk
heerenveen,Heerenveen
twente,Twente
willem ii,Willem II
utrecht,Utrecht
venlo,VVV Venlo
vvv venlo,VVV Venlo
vvv,VVV Venlo
vitesse arnhem,Vitesse Arnhem
vitesse,Vitesse Arnhem
zwolle,Zwolle
pec zwolle,Zwolle
ado den haag,ADO Den Haag
ado la haye,ADO Den Haag
den haag,ADO Den Haag
emmen,Emmen
fortuna sittard,Fortuna Sittard
f sittard,Fortuna Sittard
groningen,Groningen
groningue,Groningen
sparta rotterdam,Sparta Rotterdam
sparta,Sparta Rotterdam
heracles almelo,Heracles Almelo
heracles,Heracles Almelo
algerie,Algeria
algeria,Algeria
ruanda,Rwanda
rwanda,Rwanda
tanzania,Tanzania
tanzanie,Tanzania
es setif,ES Setif
nc magra,NC Magra
mongolia,Mongolia
mongolie,Mongolia
kirghizistan,Kyrgyzstan
kyrgyzstan,Kyrgyzstan
corea del nord,North Korea
north korea,North Korea
coree du nord,North Korea
corea del sud,South Korea
south korea,South Korea
coree du sud,South Korea
cambogia,Cambodia
cambodia,Cambodia
cambodge,Cambodia
iraq,Iraq
irak,Iraq
indonesia,Indonesia
indonesie,Indonesia
vietnam,Vietnam
viet nam,Vietnam
singapore,Singapore
singapour,Singapore
uzbekistan,Uzbekistan
ouzbekistan,Uzbekistan
filippine,Philippines
philippines,Philippines
cina,China
china,China
chine,China
thailandia,Thailand
thailand,Thailand
thailande,Thailand
emirati arabi,United Arab Emirates
emirati arabi uniti,United Arab Emirates
emirats arabes unis,United Arab Emirates
united arab emirates,United Arab Emirates
uae,United Arab Emirates
palestina,Palestine
palestine,Palestine
arabia saudita,Saudi Arabia
saudi arabia,Saudi Arabia
arabie saoudite,Saudi Arabia
india,India
inde,India
bangladesh,Bangladesh
venezuela,Venezuela
dominica,Dominica
nicaragua,Nicaragua
suriname,Suriname
saint vincent and the grenadines,Saint Vincent And The Grenadines
saint vincent e grenadine,Saint Vincent And The Grenadines
st vincent e grenadine,Saint Vincent And The Grenadines
saint vincent et les grenadines,Saint Vincent And The Grenadines
guyana,Guyana
guyane,Guyana
antigua e barbuda,Antigua and Barbuda
antigua and barbuda,Antigua and Barbuda
antigua et barbuda,Antigua and Barbuda
nottingham forest,Nottingham Forest FC
nottingham forest reserve,Nottingham Forest FC Reserve
wigan athletic,Wigan Athletic
pacos ferreira,Pacos de Ferreira
pacos de ferreira,Pacos de Ferreira
rio ave,Rio Ave
gil vicente,Gil Vicente
portimonense,Portimonense
belenenses lisbon,Belenenses Lisbon
belenenses,Belenenses Lisbon
aves,CD Aves
vitoria setubal,Vitoria Setubal
cs maritimo madeira,Maritimo Funchal
maritimo funchal,Maritimo Funchal
maritimo,Maritimo Funchal
tondela,CD Tondela
moreirense,Moreirense
boavista,Boavista
famalicao,Famalicao
braga,Sporting Braga
sporting braga,Sporting Braga
santa clara,Santa Clara
sta clara,Santa Clara
iran,Iran
homburg,FC Homburg
san telmo,San Telmo
ca san telmo,San Telmo
ca colegiales,CA Colegiales
talleres,Talleres Remedios
talleres de remedios de escalada,Talleres Remedios
talleres remedios,Talleres Remedios
club atletico acassuso,Club Atletico Acassuso
acassuso,Club Atletico Acassuso
tristan suarez,Tristan Suarez
club atletico los andes,Club Atletico Los Andes
los andes,Club Atletico Los Andes
agropecuario argentino,Agropecuario Argentino
agropecuario,Agropecuario Argentino
platense,Platense
ca platense,Platense
atletico rafaela,Atletico Rafaela
atl rafaela,Atletico Rafaela
instituto,Instituto AC Cordoba
instituto cordoba,Instituto AC Cordoba
quilmes,Argentino Quilmes
argentino quilmes,Argentino Quilmes
argentino de quilmes,Argentino Quilmes
arg quilmes,Argentino Quilmes
san martin tucuman,San Martin de Tucuman
san martin de tucuman,San Martin de Tucuman
san martin,San Martin
taipei cinese,Taiwan
chinese taipei,Taiwan
taiwan,Taiwan
australia,Australia
australie,Australia
tagikistan,Tajikistan
tajikistan,Tajikistan
tadjikistan,Tajikistan
giappone,Japan
japan,Japan
japon,Japan
siria,Syria
syria,Syria
syrie,Syria
guam,Guam
sri lanka,Sri Lanka
libano,Lebanon
lebanon,Lebanon
liban,Lebanon
giordania,Jordan
jordan,Jordan
jordanie,Jordan
nepal,Nepal
qatar,Qatar
oman,Oman
egitto,Egypt
egypt,Egypt
egypte,Egypt
botswana,Botswana
guinea,Guinea
repubblica della guinea,Guinea
guinee,Guinea
marocco,Morocco
morocco,Morocco
maroc,Morocco
gabon,Gabon
sint maarten,Sint Maarten
guadeloupe,Guadeloupe
isole vergini usa,USA Virgin Islands
isole vergini americane,USA Virgin Islands
iles vierges des etats unis,USA Virgin Islands
usa virgin islands,USA Virgin Islands
american virgin islands,USA Virgin Islands
barbados,Barbados
st lucia,St Lucia
canada,Canada
usa,USA
united states of america,USA
united states,USA
stati uniti,USA
etats unis,USA
messico,Mexico
mexico,Mexico
mexique,Mexico
brasile u23,Brazil U23
bresil u23,Brazil U23
brazil u23,Brazil U23
giappone u23,Japan U23
japan u23,Japan U23
japon u23,Japan U23
venezuela u23,Venezuela U23
bolivia u23,Bolivia U23
bolivie u23,Bolivia U23
san marino u21,San Marino U21
saint marin u21,San Marino U21
croazia u21,Croatia U21
croatie u21,Croatia U21
croatia u21,Croatia U21
romania u21,Romania U21
roumanie u21,Romania U21
irlanda del nord u21,Northern Ireland U21
irlande du nord u21,Northern Ireland U21
northern ireland u21,Northern Ireland U21
cipro u21,Cyprus U21
chypre u21,Cyprus U21
cyprus u21,Cyprus U21
bielorussia u21,Belarus U21
bielorussie u21,Belarus U21
belarus u21,Belarus U21
macedonia del nord u21,North Macedonia U21
macedonia nord u21,North Macedonia U21
macedonia u21,North Macedonia U21
macedoine du nord u21,North Macedonia U21
north macedonia u21,North Macedonia U21
kazakistan u21,Kazakhstan U21
kazakhstan u21,Kazakhstan U21
islanda u21,Iceland U21
islande u21,Iceland U21
iceland u21,Iceland U21
irlanda u21,Ireland U21
irlande u21,Ireland U21
ireland u21,Ireland U21
lettonia u21,Latvia U21
lettonie u21,Latvia U21
latvia u21,Latvia U21
bulgaria u21,Bulgaria U21
bulgarie u21,Bulgaria U21
azerbaigian u21,Azerbaijan U21
azerbaidjan u21,Azerbaijan U21
azerbaijan u21,Azerbaijan U21
svizzera u21,Switzerland U21
suisse u21,Switzerland U21
switzerland u21,Switzerland U21
bosnia erzegovina u21,Bosnia Herzegovina U21
bosnie herzegovine u21,Bosnia Herzegovina U21
bosnia herzegovina u21,Bosnia Herzegovina U21
bosnia e u21,Bosnia Herzegovina U21
germania u21,Germany U21
germany u21,Germany U21
allemagne u21,Germany U21
polonia u21,Poland U21
pologne u21,Poland U21
poland u21,Poland U21
serbia u21,Serbia U21
serbie u21,Serbia U21
estonia u21,Estonia U21
estonie u21,Estonia U21
russia u21,Russia U21
russie u21,Russia U21
israele u21,Israel U21
israel u21,Israel U21
isole faroe u21,Faroe Islands U21
isole faer oer u21,Faroe Islands U21
iles feroe u21,Faroe Islands U21
faroe islands u21,Faroe Islands U21
faeroe islands u21,Faroe Islands U21
norvegia u21,Norway U21
norvege u21,Norway U21
norway u21,Norway U21
olanda u21,Holland U21
paesi bassi u21,Holland U21
hollande u21,Holland U21
pays bas u21,Holland U21
holland u21,Holland U21
montenegro u21,Montenegro U21
spagna u21,Spain U21
espagne u21,Spain U21
spain u21,Spain U21
albania u21,Albania U21
albanie u21,Albania U21
kosovo u21,Kosovo U21
lussemburgo u21,Luxembourg U21
luxembourg u21,Luxembourg U21
svezia u21,Sweden U21
suede u21,Sweden U21
sweden u21,Sweden U21
belgio u21,Belgium U21
belgique u21,Belgium U21
belgium u21,Belgium U21
moldavia u21,Moldova U21
moldavie u21,Moldova U21
moldova u21,Moldova U21
inghilterra u21,England U21
angleterre u21,England U21
england u21,England U21
austria u21,Austria U21
autriche u21,Austria U21
slovacchia u21,Slovakia U21
slovaquie u21,Slovakia U21
slovakia u21,Slovakia U21
france u21,France U21
francia u21,France U21
slovenia u21,Slovenia U21
slovenie u21,Slovenia U21
ungheria u21,Hungary U21
hongrie u21,Hungary U21
hungary u21,Hungary U21
inghilterra u20,England U20
angleterre u20,England U20
england u20,England U20
repubblica ceca u20,Czech republic U20
rep tcheque u20,Czech republic U20
republique tcheque u20,Czech republic U20
rep ceca u20,Czech republic U20
czech republic u20,Czech republic U20
portogallo u20,Portugal U20
portugal u20,Portugal U20
italia u20,Italy U20
italie u20,Italy U20
italy u20,Italy U20
repubblica ceca u19,Czech republic U19
rep tcheque u19,Czech republic U19
republique tcheque u19,Czech republic U19
rep ceca u19,Czech republic U19
czech republic u19,Czech republic U19
norvegia u19,Norway U19
norvege u19,Norway U19
norway u19,Norway U19
san marino u19,San Marino U19
saint marin u19,San Marino U19
azerbaigian u19,Azerbaijan U19
azerbaidjan u19,Azerbaijan U19
azerbaijan u19,Azerbaijan U19
georgia u19,Georgia U19
georgie u19,Georgia U19
croazia u19,Croatia U19
croatie u19,Croatia U19
croatia u19,Croatia U19
ungheria u19,Hungary U19
hongrie u19,Hungary U19
hungary u19,Hungary U19
kazakistan u19,Kazakhstan U19
kazakhstan u19,Kazakhstan U19
andorra u19,Andorra U19
andorre u19,Andorra U19
bielorussia u19,Belarus U19
bielorussie u19,Belarus U19
belarus u19,Belarus U19
scozia u19,Scotland U19
ecosse u19,Scotland U19
scotland u19,Scotland U19
germania u19,Germany U19
germany u19,Germany U19
allemagne u19,Germany U19
boca juniors,Boca Juniors
river plate,River Plate
flamengo,Flamengo
central cordoba sde,Central Cordoba
central cordoba,Central Cordoba
estudiantes lp,Estudiantes LP
defensores de belgrano,Defensores de Belgrano
defensores de b,Defensores de Belgrano
almagro,Almagro
ca tigre,CA Tigre
villa dalmine,Villa Dalmine
defensores unidos,Defensores Unidos
sacachispas,Sacachispas
jj urquiza,JJ Urquiza
justo jose de urquiza,JJ Urquiza
uai urquiza,UAI Urquiza
villa san carlos,Villa San Carlos
fenix,Fenix
club comunicaciones,Club Comunicaciones
cs desamparados,CS Desamparados
club villa mitre,Club Villa Mitre
deportivo espanol,Deportivo Espanol
club leandro n alem,Club Leandro N. Alem
san martin de burzaco,San Martin de Burzaco
berazategui,Berazategui
real pilar,Real Pilar
ferrocarril midland,Ferrocarril Midland
victoriano arenas,Victoriano Arenas
general lamadrid,General Lamadrid
deportivo merlo,Deportivo Merlo
deportivo laferrere,Deportivo Laferrere
central espanol,Central Espanol
deportivo muniz,Deportivo Muniz
yupanqui,Yupanqui
deportivo liniers,Deportivo Liniers
ca atlas,CA Atlas
central ballester,Central Ballester
deportivo paraguayo,Deportivo Paraguayo
ca claypole,CA Claypole
juventud unida san miguel,Juventud Unida San Miguel
defensores de cambaceres,Defensores de Cambaceres
puerto nuevo,Puerto Nuevo
sportivo barracas,Sportivo Barracas
sport recife,Sport Recife
recife,Sport Recife
criciuma,Criciuma
brasil de pelotas,Brasil de Pelotas RS
brasil rs,Brasil de Pelotas RS
crb,CRB AL
crb al,CRB AL
crb maceio,CRB AL
vila nova go,Vila Nova GO
vila nova,Vila Nova GO
sao bento sp,Sao Bento SP
sao bento,Sao Bento SP
atletico huila,Atletico Huila
atletico bucaramanga,Atletico Bucaramanga
cavaliers,Cavaliers FC
mount pleasant,Mount Pleasant FC
america de cali sa,America De Cali SA
libertad limpeno,Libertad Limpeno
bolivia,Bolivia
bolivie,Bolivia
haiti,Haiti
